p,mean_hege,identifier
0.0,0.14356952812335075,18
0.25,0.14498700832918981,1
0.5,0.14660052628266354,31
0.75,0.14981062230495576,26
1.0,0.203805280012748,171
