peers,peers_seen_r,dependencies,ix_id
339,0.6873156342182891,749,1
800,0.81625,1187,26
878,0.7665148063781321,857,18
1050,0.7409523809523809,2055,31
2246,0.6821015138023152,215,171
