peers,peers_seen_r,dependencies,ix_id
99,0.6868686868686869,376,699
142,0.852112676056338,200,71
244,0.7868852459016393,197,804
315,0.7936507936507936,193,100
339,0.7905604719764012,402,1
800,0.83875,857,26
878,0.7995444191343963,1142,18
1050,0.8104761904761905,6513,31
